Site	Position1	Position2	Position3	Position4	Position5	Position6
1	T	T	A	T	A	G
2	A	G	A	T	A	T
3	A	G	A	T	A	G
4	A	T	A	T	C	T
5	A	G	A	T	A	G
6	A	G	A	T	A	G
7	A	G	A	T	A	G
8	T	G	A	T	A	A
9	A	G	A	T	A	A
10	A	G	A	T	A	A
11	C	G	A	T	A	G
12	A	G	A	G	T	T
13	T	G	A	T	A	A
14	T	G	A	T	A	A
15	A	G	A	T	G	G
16	A	G	A	T	A	G
17	A	G	A	T	T	G
18	A	G	A	T	A	A
19	T	G	A	T	A	A
20	A	G	A	T	A	A
21	A	G	A	T	A	G
22	T	G	A	T	A	G
23	T	G	A	T	C	A
24	T	T	A	T	C	A
25	A	G	A	T	G	G
26	T	G	A	T	A	T
27	A	G	A	T	A	G
28	T	G	A	T	A	A
29	G	G	A	T	A	C
30	A	G	A	T	A	A
31	C	G	A	T	A	A
32	T	G	A	T	A	G
33	A	G	A	T	A	A
34	T	G	A	T	T	A
35	A	G	A	T	A	A
36	A	G	A	T	A	G
37	T	G	A	T	A	T
38	A	G	A	T	A	A
39	T	C	A	G	A	G
40	A	A	G	T	A	G
41	A	G	A	T	T	A
42	T	G	A	T	A	G
43	T	G	A	T	A	G
44	A	G	A	T	A	C
45	T	G	A	T	T	G
46	A	G	A	T	T	A
47	A	G	A	A	T	A
48	A	G	A	T	A	A
49	A	G	A	T	T	A
50	A	G	C	T	T	C
