Individual	Genotype	Condition
P1	A	healthy
P2	A	healthy
P3	A	diseased
P4	A	healthy
P5	G	healthy
P6	A	diseased
P7	G	healthy
P8	G	healthy
P9	A	diseased
P10	G	diseased
P11	G	diseased
P12	A	diseased
P13	A	diseased
P14	A	diseased
P15	A	diseased
P16	A	diseased
P17	A	healthy
P18	A	healthy
P19	A	diseased
P20	A	diseased
P21	A	healthy
P22	A	diseased
P23	A	diseased
P24	A	diseased
P25	A	healthy
P26	A	diseased
P27	A	healthy
P28	A	healthy
P29	A	diseased
P30	A	diseased
P31	G	diseased
P32	A	healthy
P33	A	healthy
P34	A	diseased
P35	A	healthy
P36	A	diseased
P37	A	diseased
P38	A	diseased
P39	A	healthy
P40	A	diseased
P41	A	diseased
P42	A	healthy
P43	A	healthy
P44	A	diseased
P45	A	healthy
P46	A	healthy
P47	G	healthy
P48	G	diseased
P49	A	healthy
P50	A	healthy
P51	A	healthy
P52	A	healthy
P53	A	diseased
P54	G	healthy
P55	A	diseased
P56	G	healthy
P57	A	diseased
P58	A	healthy
P59	G	diseased
P60	A	healthy
P61	G	healthy
P62	A	healthy
P63	G	healthy
P64	A	healthy
P65	A	diseased
P66	A	diseased
P67	A	diseased
P68	A	healthy
P69	A	healthy
P70	A	diseased
P71	A	healthy
P72	A	diseased
P73	A	diseased
P74	A	diseased
P75	G	diseased
P76	G	diseased
P77	G	healthy
P78	G	diseased
P79	A	diseased
P80	G	healthy
P81	G	healthy
P82	G	diseased
P83	G	diseased
P84	G	healthy
P85	A	diseased
P86	G	healthy
P87	G	diseased
P88	G	healthy
P89	G	healthy
P90	G	healthy
P91	G	diseased
P92	G	diseased
P93	G	healthy
P94	G	diseased
P95	G	healthy
P96	G	healthy
P97	G	diseased
P98	G	diseased
P99	G	healthy
P100	G	healthy
P101	G	diseased
P102	G	healthy
P103	G	healthy
P104	G	healthy
P105	G	healthy
P106	G	healthy
P107	G	diseased
P108	G	healthy
P109	G	healthy
P110	G	healthy
P111	G	diseased
P112	G	healthy
P113	A	healthy
P114	G	healthy
P115	G	healthy
P116	G	healthy
P117	G	healthy
P118	G	healthy
P119	G	diseased
P120	G	diseased
P121	G	diseased
P122	G	healthy
P123	G	diseased
P124	G	diseased
P125	G	healthy
P126	G	diseased
P127	G	healthy
P128	G	healthy
P129	G	diseased
P130	A	diseased
P131	A	diseased
P132	G	healthy
P133	G	diseased
P134	G	healthy
P135	G	diseased
P136	G	healthy
P137	G	diseased
P138	G	diseased
P139	G	healthy
P140	G	healthy
P141	G	diseased
P142	A	healthy
P143	G	healthy
P144	G	healthy
P145	G	healthy
P146	G	healthy
P147	G	healthy
