ID	Status	Sex	Age	Improved
C452	Healthy	Female	54	Complete
C990	Healthy	Female	37	Complete
C718	Healthy	Male	46	Complete
7	RA	Female	41	None
C835	Healthy	Female	37	Complete
C663	Healthy	Female	61	Complete
C356	Healthy	Female	36	Complete
C287	Healthy	Female	48	Complete
C21	Healthy	Female	47	Complete
C330	Healthy	Female	49	Complete
58	RA	Female	66	Marked
C769	Healthy	Female	43	Complete
14	RA	Male	44	None
C38	Healthy	Female	56	Complete
C82	Healthy	Male	33	Complete
C738	Healthy	Male	31	Complete
C513	Healthy	Male	58	Complete
C941	Healthy	Female	41	Complete
C319	Healthy	Female	51	Complete
C499	Healthy	Female	47	Complete
C160	Healthy	Female	41	Complete
C237	Healthy	Female	72	Complete
C214	Healthy	Male	42	Complete
C168	Healthy	Male	54	Complete
C231	Healthy	Female	59	Complete
28	RA	Female	57	Marked
C740	Healthy	Male	51	Complete
C794	Healthy	Male	46	Complete
C671	Healthy	Female	54	Complete
C461	Healthy	Male	36	Complete
33	RA	Male	63	None
C253	Healthy	Female	48	Complete
C172	Healthy	Female	29	Complete
C122	Healthy	Female	58	Complete
C711	Healthy	Male	50	Complete
C977	Healthy	Male	42	Complete
C962	Healthy	Male	51	Complete
C333	Healthy	Female	40	Complete
C380	Healthy	Male	62	Complete
C559	Healthy	Male	56	Complete
C686	Healthy	Male	43	Complete
C708	Healthy	Male	52	Complete
C342	Healthy	Male	40	Complete
11	RA	Female	69	None
C473	Healthy	Male	59	Complete
C886	Healthy	Female	59	Complete
C535	Healthy	Male	27	Complete
C153	Healthy	Male	59	Complete
C774	Healthy	Female	22	Complete
C802	Healthy	Male	22	Complete
C313	Healthy	Male	65	Complete
41	RA	Male	62	None
C293	Healthy	Female	54	Complete
C906	Healthy	Female	58	Complete
C844	Healthy	Female	42	Complete
C278	Healthy	Female	32	Complete
C994	Healthy	Female	58	Complete
C99	Healthy	Female	56	Complete
C788	Healthy	Female	41	Complete
C526	Healthy	Female	54	Complete
C11	Healthy	Male	47	Complete
C757	Healthy	Male	40	Complete
C762	Healthy	Male	70	Complete
C528	Healthy	Female	64	Complete
23	RA	Male	58	Marked
C269	Healthy	Female	44	Complete
C521	Healthy	Male	56	Complete
C176	Healthy	Male	51	Complete
C430	Healthy	Male	48	Complete
C426	Healthy	Male	48	Complete
C83	Healthy	Female	41	Complete
C199	Healthy	Male	33	Complete
C829	Healthy	Female	57	Complete
C621	Healthy	Female	48	Complete
C484	Healthy	Male	54	Complete
80	RA	Female	23	None
C17	Healthy	Female	42	Complete
C876	Healthy	Male	54	Complete
C976	Healthy	Male	39	Complete
C758	Healthy	Male	51	Complete
C554	Healthy	Female	36	Complete
C478	Healthy	Female	47	Complete
C281	Healthy	Female	50	Complete
C923	Healthy	Male	47	Complete
C136	Healthy	Female	53	Complete
C960	Healthy	Female	39	Complete
C74	Healthy	Male	69	Complete
C348	Healthy	Male	26	Complete
C36	Healthy	Male	45	Complete
C789	Healthy	Male	53	Complete
C548	Healthy	Male	62	Complete
C741	Healthy	Male	44	Complete
C650	Healthy	Male	76	Complete
C943	Healthy	Female	60	Complete
10	RA	Female	57	Some
C432	Healthy	Female	38	Complete
C749	Healthy	Female	47	Complete
C823	Healthy	Male	37	Complete
C936	Healthy	Female	43	Complete
C193	Healthy	Female	53	Complete
C867	Healthy	Male	72	Complete
C257	Healthy	Male	52	Complete
27	RA	Female	58	None
34	RA	Female	62	Marked
C445	Healthy	Female	68	Complete
C394	Healthy	Male	65	Complete
C917	Healthy	Female	58	Complete
C300	Healthy	Male	60	Complete
C248	Healthy	Male	15	Complete
C113	Healthy	Female	49	Complete
C892	Healthy	Male	55	Complete
C627	Healthy	Female	66	Complete
C408	Healthy	Female	35	Complete
C145	Healthy	Female	51	Complete
C733	Healthy	Female	45	Complete
C475	Healthy	Male	68	Complete
C907	Healthy	Female	51	Complete
C224	Healthy	Male	71	Complete
C709	Healthy	Female	62	Complete
C717	Healthy	Female	64	Complete
40	RA	Female	32	None
C107	Healthy	Male	54	Complete
C680	Healthy	Female	52	Complete
C641	Healthy	Male	59	Complete
C861	Healthy	Male	41	Complete
C270	Healthy	Female	62	Complete
C65	Healthy	Female	42	Complete
C720	Healthy	Female	52	Complete
C722	Healthy	Male	56	Complete
C61	Healthy	Female	50	Complete
C155	Healthy	Male	53	Complete
C745	Healthy	Male	50	Complete
C422	Healthy	Female	57	Complete
C399	Healthy	Male	42	Complete
C262	Healthy	Female	48	Complete
C747	Healthy	Female	41	Complete
C105	Healthy	Female	46	Complete
C853	Healthy	Male	54	Complete
C952	Healthy	Female	52	Complete
C880	Healthy	Male	51	Complete
C324	Healthy	Female	47	Complete
C781	Healthy	Female	50	Complete
68	RA	Female	53	None
C436	Healthy	Male	36	Complete
C147	Healthy	Female	30	Complete
C468	Healthy	Male	62	Complete
C672	Healthy	Female	61	Complete
C501	Healthy	Male	59	Complete
C429	Healthy	Male	50	Complete
C29	Healthy	Female	49	Complete
C601	Healthy	Female	47	Complete
C948	Healthy	Female	56	Complete
C613	Healthy	Male	60	Complete
C285	Healthy	Female	49	Complete
C575	Healthy	Female	44	Complete
C540	Healthy	Female	64	Complete
C391	Healthy	Male	61	Complete
C192	Healthy	Female	49	Complete
C22	Healthy	Female	66	Complete
C764	Healthy	Female	47	Complete
C875	Healthy	Female	48	Complete
18	RA	Male	53	None
C361	Healthy	Female	41	Complete
C555	Healthy	Male	50	Complete
C506	Healthy	Female	53	Complete
C385	Healthy	Female	50	Complete
C522	Healthy	Female	54	Complete
C856	Healthy	Male	34	Complete
C75	Healthy	Male	50	Complete
C860	Healthy	Female	60	Complete
C649	Healthy	Male	56	Complete
C894	Healthy	Male	60	Complete
C620	Healthy	Female	44	Complete
C985	Healthy	Female	44	Complete
C908	Healthy	Male	63	Complete
C388	Healthy	Female	55	Complete
C972	Healthy	Male	52	Complete
C837	Healthy	Female	54	Complete
C657	Healthy	Female	24	Complete
C112	Healthy	Male	50	Complete
C462	Healthy	Male	50	Complete
C279	Healthy	Male	34	Complete
C171	Healthy	Female	39	Complete
C131	Healthy	Male	43	Complete
C194	Healthy	Female	44	Complete
C735	Healthy	Female	53	Complete
C780	Healthy	Female	39	Complete
C347	Healthy	Female	54	Complete
C431	Healthy	Male	46	Complete
C470	Healthy	Male	46	Complete
C730	Healthy	Male	62	Complete
C325	Healthy	Male	65	Complete
C807	Healthy	Male	45	Complete
73	RA	Male	50	None
C39	Healthy	Male	44	Complete
C857	Healthy	Female	57	Complete
C614	Healthy	Male	48	Complete
C486	Healthy	Male	44	Complete
C765	Healthy	Male	67	Complete
C374	Healthy	Female	56	Complete
C2	Healthy	Male	70	Complete
C883	Healthy	Female	50	Complete
C52	Healthy	Female	58	Complete
C510	Healthy	Male	31	Complete
C673	Healthy	Male	58	Complete
C984	Healthy	Male	37	Complete
C7	Healthy	Male	55	Complete
C308	Healthy	Male	47	Complete
C999	Healthy	Female	51	Complete
C705	Healthy	Male	43	Complete
C309	Healthy	Male	46	Complete
C97	Healthy	Male	53	Complete
C766	Healthy	Female	36	Complete
C490	Healthy	Female	43	Complete
C542	Healthy	Male	38	Complete
C390	Healthy	Female	28	Complete
C517	Healthy	Female	46	Complete
C602	Healthy	Male	22	Complete
C93	Healthy	Female	49	Complete
C743	Healthy	Male	51	Complete
C779	Healthy	Female	55	Complete
C797	Healthy	Female	50	Complete
C491	Healthy	Female	35	Complete
C946	Healthy	Female	41	Complete
C73	Healthy	Female	63	Complete
C397	Healthy	Male	68	Complete
C942	Healthy	Male	84	Complete
C683	Healthy	Male	45	Complete
C398	Healthy	Female	54	Complete
C371	Healthy	Male	57	Complete
C129	Healthy	Male	33	Complete
84	RA	Female	61	Marked
C460	Healthy	Male	23	Complete
C331	Healthy	Male	56	Complete
C898	Healthy	Male	43	Complete
C233	Healthy	Female	51	Complete
C210	Healthy	Female	49	Complete
C274	Healthy	Male	39	Complete
C623	Healthy	Male	48	Complete
C14	Healthy	Male	37	Complete
C94	Healthy	Female	37	Complete
C784	Healthy	Female	46	Complete
C301	Healthy	Male	40	Complete
C221	Healthy	Male	33	Complete
59	RA	Female	59	Marked
C751	Healthy	Female	69	Complete
C753	Healthy	Female	62	Complete
C587	Healthy	Male	41	Complete
C297	Healthy	Male	37	Complete
C524	Healthy	Female	65	Complete
C466	Healthy	Male	38	Complete
C141	Healthy	Male	51	Complete
C166	Healthy	Female	60	Complete
C655	Healthy	Male	62	Complete
C13	Healthy	Female	61	Complete
C209	Healthy	Female	52	Complete
C878	Healthy	Female	49	Complete
C855	Healthy	Male	30	Complete
C482	Healthy	Female	39	Complete
C951	Healthy	Male	43	Complete
C291	Healthy	Female	57	Complete
C849	Healthy	Female	54	Complete
C92	Healthy	Male	68	Complete
C303	Healthy	Female	73	Complete
C674	Healthy	Male	47	Complete
C81	Healthy	Female	49	Complete
C742	Healthy	Male	54	Complete
C845	Healthy	Female	39	Complete
C662	Healthy	Female	64	Complete
C603	Healthy	Male	69	Complete
C803	Healthy	Male	53	Complete
C450	Healthy	Male	50	Complete
C929	Healthy	Male	47	Complete
C626	Healthy	Female	49	Complete
C869	Healthy	Male	56	Complete
C458	Healthy	Female	44	Complete
C678	Healthy	Male	55	Complete
C259	Healthy	Female	53	Complete
C358	Healthy	Male	47	Complete
61	RA	Female	68	Some
C10	Healthy	Female	37	Complete
C544	Healthy	Female	52	Complete
C35	Healthy	Male	42	Complete
17	RA	Male	32	Marked
67	RA	Female	65	Marked
C100	Healthy	Female	48	Complete
C128	Healthy	Male	27	Complete
13	RA	Female	67	Marked
C447	Healthy	Male	41	Complete
C66	Healthy	Male	57	Complete
C108	Healthy	Male	67	Complete
C871	Healthy	Male	22	Complete
C494	Healthy	Female	55	Complete
C752	Healthy	Female	74	Complete
C64	Healthy	Male	55	Complete
C139	Healthy	Male	53	Complete
C167	Healthy	Female	42	Complete
39	RA	Male	59	Marked
C493	Healthy	Male	62	Complete
C511	Healthy	Male	62	Complete
C913	Healthy	Female	56	Complete
4	RA	Female	54	None
C703	Healthy	Male	45	Complete
C244	Healthy	Female	72	Complete
C715	Healthy	Female	55	Complete
C453	Healthy	Female	52	Complete
C615	Healthy	Female	40	Complete
C338	Healthy	Male	66	Complete
22	RA	Female	57	Marked
C225	Healthy	Male	46	Complete
C428	Healthy	Female	60	Complete
2	RA	Female	59	Marked
C963	Healthy	Male	73	Complete
C712	Healthy	Male	46	Complete
30	RA	Male	64	None
C438	Healthy	Female	44	Complete
C477	Healthy	Male	41	Complete
C376	Healthy	Male	39	Complete
C667	Healthy	Female	19	Complete
C810	Healthy	Female	79	Complete
C895	Healthy	Male	61	Complete
C582	Healthy	Female	51	Complete
C713	Healthy	Female	43	Complete
C206	Healthy	Male	66	Complete
C365	Healthy	Male	45	Complete
C178	Healthy	Female	65	Complete
C198	Healthy	Female	44	Complete
C826	Healthy	Male	55	Complete
C201	Healthy	Female	62	Complete
C611	Healthy	Male	75	Complete
C928	Healthy	Male	46	Complete
C393	Healthy	Female	45	Complete
C392	Healthy	Female	40	Complete
C414	Healthy	Female	41	Complete
C150	Healthy	Male	51	Complete
C169	Healthy	Male	43	Complete
20	RA	Female	51	None
C547	Healthy	Male	37	Complete
C442	Healthy	Female	28	Complete
C165	Healthy	Female	67	Complete
C872	Healthy	Male	40	Complete
50	RA	Female	31	Some
C537	Healthy	Female	40	Complete
C58	Healthy	Male	49	Complete
C163	Healthy	Male	40	Complete
C68	Healthy	Male	54	Complete
C250	Healthy	Male	54	Complete
36	RA	Male	46	Marked
C583	Healthy	Male	30	Complete
C138	Healthy	Female	73	Complete
C632	Healthy	Male	40	Complete
C619	Healthy	Male	50	Complete
C932	Healthy	Male	60	Complete
C714	Healthy	Male	49	Complete
C552	Healthy	Male	53	Complete
C827	Healthy	Male	60	Complete
C30	Healthy	Female	37	Complete
C556	Healthy	Female	61	Complete
C804	Healthy	Male	50	Complete
C389	Healthy	Male	65	Complete
C396	Healthy	Female	58	Complete
C446	Healthy	Male	45	Complete
C234	Healthy	Female	52	Complete
C119	Healthy	Female	40	Complete
C921	Healthy	Male	70	Complete
C970	Healthy	Female	47	Complete
29	RA	Female	30	None
C572	Healthy	Female	49	Complete
C444	Healthy	Male	58	Complete
C151	Healthy	Male	58	Complete
C247	Healthy	Male	45	Complete
65	RA	Female	68	Marked
C562	Healthy	Female	41	Complete
C321	Healthy	Male	53	Complete
C518	Healthy	Female	52	Complete
C629	Healthy	Male	34	Complete
C666	Healthy	Female	50	Complete
C204	Healthy	Male	58	Complete
C795	Healthy	Male	54	Complete
C246	Healthy	Female	64	Complete
C640	Healthy	Female	59	Complete
C318	Healthy	Female	50	Complete
C940	Healthy	Male	60	Complete
C830	Healthy	Male	67	Complete
C228	Healthy	Female	50	Complete
C215	Healthy	Female	60	Complete
C152	Healthy	Female	28	Complete
C768	Healthy	Male	53	Complete
C653	Healthy	Female	52	Complete
C911	Healthy	Male	60	Complete
C919	Healthy	Male	59	Complete
C731	Healthy	Male	47	Complete
C759	Healthy	Male	47	Complete
C656	Healthy	Male	33	Complete
55	RA	Male	63	None
C786	Healthy	Female	72	Complete
C515	Healthy	Female	47	Complete
C328	Healthy	Female	40	Complete
C126	Healthy	Male	62	Complete
C975	Healthy	Male	52	Complete
C644	Healthy	Female	50	Complete
C569	Healthy	Female	47	Complete
C785	Healthy	Female	45	Complete
C205	Healthy	Female	43	Complete
15	RA	Female	66	Some
C386	Healthy	Female	66	Complete
C865	Healthy	Female	41	Complete
C77	Healthy	Male	37	Complete
C85	Healthy	Female	52	Complete
8	RA	Male	63	Marked
42	RA	Female	66	None
C814	Healthy	Male	60	Complete
C931	Healthy	Female	40	Complete
C744	Healthy	Male	44	Complete
C367	Healthy	Female	71	Complete
C454	Healthy	Male	37	Complete
C767	Healthy	Male	50	Complete
C448	Healthy	Female	44	Complete
C737	Healthy	Female	47	Complete
C776	Healthy	Female	53	Complete
C564	Healthy	Male	22	Complete
C116	Healthy	Male	63	Complete
C799	Healthy	Female	52	Complete
C337	Healthy	Male	40	Complete
78	RA	Female	54	Marked
C489	Healthy	Female	41	Complete
C211	Healthy	Female	44	Complete
C387	Healthy	Female	49	Complete
C812	Healthy	Female	38	Complete
C379	Healthy	Male	45	Complete
C693	Healthy	Male	60	Complete
C566	Healthy	Female	47	Complete
C266	Healthy	Female	40	Complete
C877	Healthy	Male	31	Complete
C102	Healthy	Female	60	Complete
C777	Healthy	Male	41	Complete
C993	Healthy	Male	47	Complete
C725	Healthy	Female	48	Complete
C862	Healthy	Male	48	Complete
C305	Healthy	Female	50	Complete
C217	Healthy	Female	54	Complete
C527	Healthy	Female	53	Complete
C687	Healthy	Female	43	Complete
C557	Healthy	Male	43	Complete
C630	Healthy	Female	61	Complete
C978	Healthy	Female	53	Complete
C464	Healthy	Female	56	Complete
C676	Healthy	Female	53	Complete
C134	Healthy	Female	64	Complete
C368	Healthy	Male	57	Complete
C944	Healthy	Female	65	Complete
C953	Healthy	Female	39	Complete
C433	Healthy	Female	67	Complete
C546	Healthy	Female	49	Complete
C132	Healthy	Female	59	Complete
C637	Healthy	Male	44	Complete
31	RA	Female	49	None
C481	Healthy	Female	62	Complete
C754	Healthy	Female	49	Complete
C545	Healthy	Female	33	Complete
C991	Healthy	Male	50	Complete
21	RA	Male	59	None
C820	Healthy	Male	41	Complete
C415	Healthy	Male	46	Complete
C174	Healthy	Male	54	Complete
C114	Healthy	Male	58	Complete
C288	Healthy	Female	63	Complete
C514	Healthy	Female	61	Complete
C18	Healthy	Female	52	Complete
C425	Healthy	Female	74	Complete
C144	Healthy	Female	54	Complete
C127	Healthy	Female	60	Complete
C736	Healthy	Male	33	Complete
C716	Healthy	Female	65	Complete
C411	Healthy	Female	39	Complete
C813	Healthy	Male	65	Complete
79	RA	Female	55	Marked
C881	Healthy	Female	68	Complete
C852	Healthy	Male	62	Complete
C926	Healthy	Male	69	Complete
C519	Healthy	Male	50	Complete
C910	Healthy	Male	25	Complete
C419	Healthy	Female	52	Complete
C27	Healthy	Female	32	Complete
C608	Healthy	Male	62	Complete
C961	Healthy	Female	63	Complete
57	RA	Male	27	Some
C783	Healthy	Male	54	Complete
C45	Healthy	Female	43	Complete
C612	Healthy	Female	47	Complete
C383	Healthy	Male	72	Complete
C824	Healthy	Female	44	Complete
C8	Healthy	Female	63	Complete
C801	Healthy	Male	56	Complete
C568	Healthy	Female	26	Complete
C502	Healthy	Male	40	Complete
C697	Healthy	Male	43	Complete
C340	Healthy	Female	53	Complete
C665	Healthy	Female	39	Complete
C573	Healthy	Female	59	Complete
C699	Healthy	Male	55	Complete
C148	Healthy	Male	49	Complete
C272	Healthy	Male	65	Complete
C973	Healthy	Female	29	Complete
C159	Healthy	Male	39	Complete
62	RA	Female	60	Marked
C104	Healthy	Male	40	Complete
C873	Healthy	Female	68	Complete
C592	Healthy	Female	49	Complete
C254	Healthy	Male	52	Complete
C821	Healthy	Male	30	Complete
C344	Healthy	Male	58	Complete
C327	Healthy	Male	62	Complete
C983	Healthy	Male	51	Complete
C831	Healthy	Female	32	Complete
60	RA	Female	57	Marked
C553	Healthy	Female	50	Complete
C84	Healthy	Male	50	Complete
C256	Healthy	Female	31	Complete
C32	Healthy	Female	64	Complete
C899	Healthy	Female	43	Complete
C9	Healthy	Female	53	Complete
C800	Healthy	Female	35	Complete
75	RA	Male	59	None
C23	Healthy	Female	60	Complete
C467	Healthy	Female	39	Complete
C558	Healthy	Female	33	Complete
C6	Healthy	Female	40	Complete
C420	Healthy	Male	60	Complete
C472	Healthy	Female	50	Complete
C996	Healthy	Female	44	Complete
C260	Healthy	Male	34	Complete
C787	Healthy	Male	33	Complete
56	RA	Female	69	Some
C594	Healthy	Male	25	Complete
C543	Healthy	Male	37	Complete
C685	Healthy	Male	50	Complete
C947	Healthy	Female	59	Complete
C915	Healthy	Female	24	Complete
C950	Healthy	Male	68	Complete
C636	Healthy	Male	46	Complete
C212	Healthy	Female	54	Complete
C98	Healthy	Male	42	Complete
C402	Healthy	Female	56	Complete
C701	Healthy	Male	51	Complete
3	RA	Female	64	None
C311	Healthy	Male	64	Complete
C341	Healthy	Male	54	Complete
C79	Healthy	Female	52	Complete
C277	Healthy	Male	49	Complete
C579	Healthy	Male	28	Complete
C187	Healthy	Female	58	Complete
C78	Healthy	Male	62	Complete
C595	Healthy	Male	61	Complete
C196	Healthy	Female	56	Complete
C888	Healthy	Male	51	Complete
C909	Healthy	Male	60	Complete
C523	Healthy	Female	54	Complete
C49	Healthy	Female	47	Complete
C251	Healthy	Female	47	Complete
C480	Healthy	Female	38	Complete
C897	Healthy	Male	33	Complete
C723	Healthy	Male	39	Complete
C748	Healthy	Male	49	Complete
C571	Healthy	Female	45	Complete
C162	Healthy	Male	43	Complete
C505	Healthy	Female	46	Complete
C189	Healthy	Male	59	Complete
C353	Healthy	Male	55	Complete
C937	Healthy	Female	38	Complete
C729	Healthy	Female	71	Complete
C439	Healthy	Female	44	Complete
C295	Healthy	Male	50	Complete
C142	Healthy	Male	54	Complete
C183	Healthy	Female	60	Complete
C421	Healthy	Female	44	Complete
53	RA	Female	55	Marked
C276	Healthy	Male	51	Complete
C245	Healthy	Male	28	Complete
C606	Healthy	Female	79	Complete
C332	Healthy	Female	60	Complete
C440	Healthy	Female	50	Complete
C258	Healthy	Female	40	Complete
C103	Healthy	Male	42	Complete
C465	Healthy	Male	46	Complete
C887	Healthy	Male	66	Complete
C560	Healthy	Female	44	Complete
C648	Healthy	Female	75	Complete
C694	Healthy	Male	34	Complete
C710	Healthy	Male	73	Complete
C969	Healthy	Female	62	Complete
C833	Healthy	Female	53	Complete
C584	Healthy	Male	58	Complete
C363	Healthy	Female	26	Complete
C488	Healthy	Female	62	Complete
66	RA	Female	23	None
C817	Healthy	Male	45	Complete
C692	Healthy	Male	68	Complete
C378	Healthy	Female	30	Complete
C847	Healthy	Female	73	Complete
C5	Healthy	Female	65	Complete
C567	Healthy	Male	28	Complete
C143	Healthy	Male	50	Complete
C591	Healthy	Male	50	Complete
C912	Healthy	Female	27	Complete
C25	Healthy	Female	40	Complete
C874	Healthy	Male	56	Complete
C111	Healthy	Male	28	Complete
C755	Healthy	Female	45	Complete
C33	Healthy	Female	54	Complete
12	RA	Female	30	None
C918	Healthy	Female	59	Complete
C848	Healthy	Male	71	Complete
C782	Healthy	Male	38	Complete
C958	Healthy	Female	45	Complete
C80	Healthy	Male	49	Complete
C618	Healthy	Female	66	Complete
C696	Healthy	Male	40	Complete
C561	Healthy	Female	50	Complete
C864	Healthy	Female	61	Complete
C67	Healthy	Male	66	Complete
C903	Healthy	Female	56	Complete
C443	Healthy	Female	82	Complete
C599	Healthy	Male	60	Complete
C675	Healthy	Male	70	Complete
C271	Healthy	Female	33	Complete
C775	Healthy	Female	60	Complete
C208	Healthy	Male	56	Complete
C498	Healthy	Female	62	Complete
C34	Healthy	Male	55	Complete
C808	Healthy	Female	45	Complete
C504	Healthy	Female	63	Complete
C135	Healthy	Male	39	Complete
C570	Healthy	Female	53	Complete
C900	Healthy	Female	33	Complete
C55	Healthy	Female	56	Complete
C130	Healthy	Female	44	Complete
C816	Healthy	Female	44	Complete
C184	Healthy	Male	62	Complete
5	RA	Male	64	Some
C106	Healthy	Female	51	Complete
C3	Healthy	Female	18	Complete
C360	Healthy	Female	69	Complete
C726	Healthy	Female	48	Complete
C868	Healthy	Female	54	Complete
C580	Healthy	Male	59	Complete
C207	Healthy	Male	46	Complete
C756	Healthy	Female	50	Complete
C691	Healthy	Male	42	Complete
C200	Healthy	Male	60	Complete
C893	Healthy	Female	54	Complete
C834	Healthy	Female	53	Complete
C370	Healthy	Female	66	Complete
C346	Healthy	Male	56	Complete
C968	Healthy	Male	52	Complete
C286	Healthy	Male	56	Complete
C456	Healthy	Female	65	Complete
C373	Healthy	Female	55	Complete
C604	Healthy	Male	45	Complete
C409	Healthy	Female	52	Complete
C534	Healthy	Male	59	Complete
C315	Healthy	Female	62	Complete
C793	Healthy	Female	27	Complete
C40	Healthy	Male	39	Complete
C219	Healthy	Female	50	Complete
C971	Healthy	Male	55	Complete
C622	Healthy	Female	32	Complete
C434	Healthy	Female	69	Complete
C536	Healthy	Male	65	Complete
32	RA	Female	66	None
C349	Healthy	Female	38	Complete
C529	Healthy	Male	48	Complete
C966	Healthy	Male	49	Complete
C236	Healthy	Female	30	Complete
C364	Healthy	Female	33	Complete
C48	Healthy	Female	66	Complete
C50	Healthy	Male	45	Complete
C20	Healthy	Female	30	Complete
C727	Healthy	Female	59	Complete
C920	Healthy	Male	52	Complete
C981	Healthy	Female	63	Complete
C891	Healthy	Male	34	Complete
C660	Healthy	Male	42	Complete
C230	Healthy	Male	65	Complete
C497	Healthy	Female	22	Complete
C15	Healthy	Female	49	Complete
C577	Healthy	Female	52	Complete
C87	Healthy	Male	29	Complete
C790	Healthy	Male	45	Complete
C842	Healthy	Female	63	Complete
C395	Healthy	Male	63	Complete
C974	Healthy	Female	40	Complete
C565	Healthy	Female	61	Complete
C366	Healthy	Female	71	Complete
C296	Healthy	Female	54	Complete
49	RA	Female	57	None
C46	Healthy	Male	34	Complete
C719	Healthy	Male	48	Complete
44	RA	Female	59	Some
C516	Healthy	Male	59	Complete
C538	Healthy	Female	41	Complete
C405	Healthy	Male	51	Complete
C372	Healthy	Female	45	Complete
C628	Healthy	Female	42	Complete
C677	Healthy	Female	44	Complete
19	RA	Female	63	Some
C232	Healthy	Male	55	Complete
C574	Healthy	Female	55	Complete
C998	Healthy	Female	47	Complete
C406	Healthy	Female	65	Complete
C197	Healthy	Female	51	Complete
C90	Healthy	Female	41	Complete
C413	Healthy	Male	46	Complete
C88	Healthy	Male	39	Complete
C24	Healthy	Male	48	Complete
C760	Healthy	Female	42	Complete
C203	Healthy	Male	56	Complete
24	RA	Female	59	Marked
C427	Healthy	Male	67	Complete
C901	Healthy	Female	34	Complete
C828	Healthy	Male	48	Complete
C593	Healthy	Female	40	Complete
C520	Healthy	Female	42	Complete
C989	Healthy	Female	41	Complete
C57	Healthy	Female	47	Complete
C664	Healthy	Female	47	Complete
C825	Healthy	Female	55	Complete
C304	Healthy	Female	49	Complete
C239	Healthy	Female	34	Complete
C986	Healthy	Female	51	Complete
C670	Healthy	Female	25	Complete
C638	Healthy	Female	35	Complete
C654	Healthy	Female	47	Complete
C589	Healthy	Female	60	Complete
C51	Healthy	Female	78	Complete
C581	Healthy	Male	74	Complete
C369	Healthy	Male	49	Complete
16	RA	Female	46	None
C551	Healthy	Male	56	Complete
C616	Healthy	Female	48	Complete
C403	Healthy	Male	53	Complete
C190	Healthy	Male	48	Complete
C980	Healthy	Female	44	Complete
C695	Healthy	Male	59	Complete
C284	Healthy	Female	25	Complete
C791	Healthy	Male	47	Complete
71	RA	Female	68	Some
C590	Healthy	Female	61	Complete
C732	Healthy	Female	55	Complete
C585	Healthy	Male	49	Complete
C882	Healthy	Female	27	Complete
C688	Healthy	Male	36	Complete
C306	Healthy	Male	56	Complete
C625	Healthy	Female	40	Complete
C149	Healthy	Female	41	Complete
C316	Healthy	Female	49	Complete
C89	Healthy	Female	38	Complete
C375	Healthy	Female	53	Complete
C261	Healthy	Female	55	Complete
C761	Healthy	Male	43	Complete
C44	Healthy	Female	37	Complete
C124	Healthy	Male	31	Complete
C123	Healthy	Male	61	Complete
C700	Healthy	Male	76	Complete
C16	Healthy	Male	52	Complete
C600	Healthy	Female	45	Complete
C202	Healthy	Male	72	Complete
C320	Healthy	Female	52	Complete
C597	Healthy	Male	73	Complete
C312	Healthy	Female	41	Complete
54	RA	Female	44	None
C355	Healthy	Female	42	Complete
C982	Healthy	Female	26	Complete
C772	Healthy	Male	62	Complete
C530	Healthy	Female	50	Complete
C283	Healthy	Male	29	Complete
C240	Healthy	Female	46	Complete
C185	Healthy	Female	48	Complete
C728	Healthy	Male	37	Complete
C424	Healthy	Male	46	Complete
C485	Healthy	Male	49	Complete
C125	Healthy	Female	49	Complete
C661	Healthy	Male	57	Complete
47	RA	Female	58	Some
C805	Healthy	Male	76	Complete
C339	Healthy	Female	64	Complete
C609	Healthy	Female	53	Complete
C435	Healthy	Female	27	Complete
C60	Healthy	Female	66	Complete
C1	Healthy	Male	57	Complete
46	RA	Male	29	None
C19	Healthy	Female	22	Complete
C605	Healthy	Female	76	Complete
C922	Healthy	Male	56	Complete
51	RA	Female	37	None
C930	Healthy	Female	42	Complete
C249	Healthy	Female	27	Complete
C42	Healthy	Female	56	Complete
C645	Healthy	Male	79	Complete
C310	Healthy	Male	62	Complete
C967	Healthy	Male	65	Complete
C610	Healthy	Female	30	Complete
81	RA	Female	54	None
C437	Healthy	Female	42	Complete
C495	Healthy	Male	53	Complete
C770	Healthy	Male	65	Complete
C773	Healthy	Male	60	Complete
C586	Healthy	Female	78	Complete
C508	Healthy	Female	63	Complete
C846	Healthy	Male	59	Complete
C59	Healthy	Female	46	Complete
C734	Healthy	Male	56	Complete
C796	Healthy	Male	58	Complete
C222	Healthy	Female	55	Complete
70	RA	Female	55	Marked
C457	Healthy	Male	53	Complete
C507	Healthy	Male	47	Complete
C133	Healthy	Male	58	Complete
C71	Healthy	Female	39	Complete
C635	Healthy	Male	54	Complete
C818	Healthy	Male	52	Complete
C28	Healthy	Male	44	Complete
C889	Healthy	Female	39	Complete
C997	Healthy	Male	52	Complete
C642	Healthy	Male	77	Complete
C140	Healthy	Female	57	Complete
C401	Healthy	Male	62	Complete
C669	Healthy	Female	66	Complete
C624	Healthy	Male	50	Complete
C681	Healthy	Male	55	Complete
C578	Healthy	Female	44	Complete
C836	Healthy	Female	76	Complete
52	RA	Male	59	None
C180	Healthy	Female	59	Complete
C659	Healthy	Male	62	Complete
6	RA	Female	37	Some
C689	Healthy	Female	56	Complete
C771	Healthy	Female	55	Complete
C72	Healthy	Male	43	Complete
82	RA	Female	48	Marked
C115	Healthy	Male	59	Complete
C596	Healthy	Male	59	Complete
C229	Healthy	Female	47	Complete
C651	Healthy	Male	40	Complete
64	RA	Female	62	Some
C351	Healthy	Female	40	Complete
C335	Healthy	Female	62	Complete
C902	Healthy	Female	56	Complete
C679	Healthy	Male	36	Complete
C110	Healthy	Female	52	Complete
C839	Healthy	Male	44	Complete
C995	Healthy	Female	48	Complete
C639	Healthy	Female	48	Complete
C292	Healthy	Male	35	Complete
C811	Healthy	Male	48	Complete
72	RA	Female	41	Marked
C863	Healthy	Male	59	Complete
C242	Healthy	Male	37	Complete
C91	Healthy	Male	48	Complete
C509	Healthy	Male	37	Complete
C471	Healthy	Female	46	Complete
C241	Healthy	Female	47	Complete
C955	Healthy	Male	54	Complete
C182	Healthy	Female	51	Complete
C957	Healthy	Female	42	Complete
26	RA	Female	56	Marked
C707	Healthy	Female	57	Complete
C336	Healthy	Female	50	Complete
C992	Healthy	Female	29	Complete
C763	Healthy	Male	45	Complete
C26	Healthy	Female	54	Complete
C177	Healthy	Female	61	Complete
C417	Healthy	Male	48	Complete
C37	Healthy	Male	63	Complete
C840	Healthy	Male	49	Complete
C487	Healthy	Male	67	Complete
C841	Healthy	Male	53	Complete
35	RA	Female	33	Marked
C195	Healthy	Male	43	Complete
C109	Healthy	Male	40	Complete
C668	Healthy	Female	57	Complete
C31	Healthy	Male	43	Complete
C179	Healthy	Male	24	Complete
C646	Healthy	Male	51	Complete
C118	Healthy	Female	58	Complete
C290	Healthy	Female	71	Complete
37	RA	Female	48	None
C890	Healthy	Female	42	Complete
C334	Healthy	Female	44	Complete
C218	Healthy	Female	41	Complete
C979	Healthy	Female	27	Complete
C479	Healthy	Male	64	Complete
C362	Healthy	Female	56	Complete
25	RA	Male	52	None
C220	Healthy	Female	43	Complete
C647	Healthy	Female	45	Complete
C469	Healthy	Male	53	Complete
C684	Healthy	Male	75	Complete
C382	Healthy	Male	37	Complete
C223	Healthy	Female	46	Complete
C690	Healthy	Female	53	Complete
C988	Healthy	Male	55	Complete
C607	Healthy	Male	57	Complete
C532	Healthy	Female	58	Complete
C933	Healthy	Female	46	Complete
C541	Healthy	Female	25	Complete
C934	Healthy	Female	64	Complete
C299	Healthy	Male	58	Complete
83	RA	Male	70	Marked
C550	Healthy	Male	60	Complete
C724	Healthy	Female	32	Complete
43	RA	Female	70	Some
C294	Healthy	Male	40	Complete
C854	Healthy	Male	47	Complete
C850	Healthy	Male	49	Complete
C617	Healthy	Female	77	Complete
C120	Healthy	Female	42	Complete
C949	Healthy	Female	58	Complete
C806	Healthy	Female	57	Complete
C252	Healthy	Male	42	Complete
C634	Healthy	Female	49	Complete
C418	Healthy	Female	52	Complete
48	RA	Female	61	None
C243	Healthy	Female	38	Complete
C533	Healthy	Female	49	Complete
C86	Healthy	Male	63	Complete
C62	Healthy	Female	63	Complete
C987	Healthy	Female	48	Complete
C496	Healthy	Male	50	Complete
C268	Healthy	Female	52	Complete
C322	Healthy	Male	62	Complete
C500	Healthy	Female	45	Complete
C503	Healthy	Male	50	Complete
C598	Healthy	Female	65	Complete
38	RA	Female	32	None
C965	Healthy	Male	47	Complete
C235	Healthy	Female	32	Complete
C945	Healthy	Female	41	Complete
C273	Healthy	Female	53	Complete
C317	Healthy	Female	35	Complete
C956	Healthy	Female	48	Complete
C449	Healthy	Male	28	Complete
C175	Healthy	Male	34	Complete
C885	Healthy	Female	45	Complete
C137	Healthy	Female	63	Complete
C164	Healthy	Male	54	Complete
C964	Healthy	Male	62	Complete
C4	Healthy	Male	48	Complete
C870	Healthy	Male	55	Complete
63	RA	Male	69	None
C302	Healthy	Female	55	Complete
C280	Healthy	Male	52	Complete
C298	Healthy	Female	57	Complete
C851	Healthy	Female	40	Complete
C939	Healthy	Female	45	Complete
C101	Healthy	Male	55	Complete
C95	Healthy	Male	40	Complete
C158	Healthy	Female	37	Complete
C264	Healthy	Male	67	Complete
C455	Healthy	Male	59	Complete
C146	Healthy	Male	43	Complete
C121	Healthy	Male	59	Complete
C459	Healthy	Female	55	Complete
69	RA	Female	48	None
C96	Healthy	Male	51	Complete
C350	Healthy	Male	40	Complete
C896	Healthy	Male	42	Complete
C925	Healthy	Female	61	Complete
C750	Healthy	Male	26	Complete
C451	Healthy	Male	33	Complete
C798	Healthy	Female	48	Complete
C54	Healthy	Male	65	Complete
C76	Healthy	Male	44	Complete
C216	Healthy	Female	64	Complete
C56	Healthy	Female	61	Complete
C282	Healthy	Male	58	Complete
C410	Healthy	Male	42	Complete
C267	Healthy	Male	47	Complete
C576	Healthy	Male	63	Complete
C822	Healthy	Male	45	Complete
C412	Healthy	Male	49	Complete
C423	Healthy	Male	46	Complete
C404	Healthy	Female	44	Complete
C154	Healthy	Female	56	Complete
C381	Healthy	Female	45	Complete
C927	Healthy	Male	66	Complete
74	RA	Male	51	None
C323	Healthy	Female	52	Complete
C345	Healthy	Male	64	Complete
C47	Healthy	Female	56	Complete
C492	Healthy	Female	38	Complete
C326	Healthy	Male	47	Complete
C307	Healthy	Female	65	Complete
77	RA	Male	30	None
45	RA	Male	62	None
C531	Healthy	Female	45	Complete
C191	Healthy	Female	49	Complete
C914	Healthy	Female	47	Complete
C954	Healthy	Male	40	Complete
C721	Healthy	Male	54	Complete
C483	Healthy	Male	57	Complete
C43	Healthy	Female	40	Complete
C384	Healthy	Female	63	Complete
C858	Healthy	Male	49	Complete
C905	Healthy	Female	47	Complete
C884	Healthy	Female	34	Complete
C265	Healthy	Male	57	Complete
C549	Healthy	Female	50	Complete
C181	Healthy	Female	79	Complete
C275	Healthy	Male	42	Complete
C792	Healthy	Male	30	Complete
C698	Healthy	Male	50	Complete
C354	Healthy	Female	48	Complete
C866	Healthy	Female	58	Complete
C12	Healthy	Female	50	Complete
C352	Healthy	Male	38	Complete
C476	Healthy	Male	63	Complete
C289	Healthy	Female	57	Complete
C916	Healthy	Female	53	Complete
C213	Healthy	Female	60	Complete
C117	Healthy	Female	63	Complete
C314	Healthy	Male	31	Complete
C706	Healthy	Female	35	Complete
C563	Healthy	Male	40	Complete
C633	Healthy	Female	71	Complete
9	RA	Male	37	None
1	RA	Female	74	Marked
C843	Healthy	Male	51	Complete
C407	Healthy	Female	35	Complete
C702	Healthy	Male	52	Complete
C879	Healthy	Male	49	Complete
C186	Healthy	Female	31	Complete
C512	Healthy	Female	42	Complete
C588	Healthy	Male	37	Complete
C188	Healthy	Male	36	Complete
C161	Healthy	Male	59	Complete
C69	Healthy	Male	51	Complete
C227	Healthy	Male	53	Complete
C904	Healthy	Male	66	Complete
C778	Healthy	Male	53	Complete
C832	Healthy	Male	42	Complete
C343	Healthy	Male	52	Complete
C474	Healthy	Male	29	Complete
C238	Healthy	Male	70	Complete
C53	Healthy	Male	59	Complete
C746	Healthy	Male	69	Complete
C539	Healthy	Male	44	Complete
C859	Healthy	Male	49	Complete
C631	Healthy	Male	63	Complete
C652	Healthy	Male	48	Complete
C41	Healthy	Male	55	Complete
C70	Healthy	Male	60	Complete
C329	Healthy	Male	58	Complete
C815	Healthy	Male	50	Complete
C441	Healthy	Male	51	Complete
C357	Healthy	Male	47	Complete
C924	Healthy	Male	41	Complete
C463	Healthy	Male	38	Complete
C400	Healthy	Male	53	Complete
C819	Healthy	Male	63	Complete
C226	Healthy	Male	64	Complete
C416	Healthy	Male	77	Complete
C658	Healthy	Male	53	Complete
C173	Healthy	Male	27	Complete
C1000	Healthy	Male	52	Complete
C377	Healthy	Male	47	Complete
C682	Healthy	Male	66	Complete
76	RA	Male	45	None
C938	Healthy	Male	71	Complete
C63	Healthy	Male	34	Complete
C525	Healthy	Male	44	Complete
C359	Healthy	Male	57	Complete
C170	Healthy	Male	33	Complete
C704	Healthy	Male	48	Complete
C157	Healthy	Male	39	Complete
C255	Healthy	Male	56	Complete
C838	Healthy	Male	70	Complete
C263	Healthy	Male	39	Complete
C643	Healthy	Male	48	Complete
C935	Healthy	Female	50	Complete
C739	Healthy	Female	25	Complete
C156	Healthy	Male	61	Complete
C959	Healthy	Male	73	Complete
C809	Healthy	Female	46	Complete
